t,energy,enstrophy,dt
0.02,0.24999812443706526,0.4932138749674044,0.02
