graph_id,nodes,d_reg,spectral_gap
0,64,3,0.2543684265218169
1,64,3,0.23342211657711376
