L,beta,wilson_loop,gap_estimate
12,2.0,0.003292075122119619,0.04389510208759133
