r_true,r_est
0,3.984753188603129e-06
1,-0.999996015248832
2,-1.9999960152508534
3,-2.9999960152528744
