curve,numeric_rank_est,L_at_1,L_deriv_at_1_est,regulator_est
11a1,1,0.015,0.0294,0.00294
37a1,1,0.0158,0.0204,0.00204
389a1,1,0.011899999999999999,0.0264,0.00264
5077a1,1,0.0166,0.0316,0.00316
